Income,Gasoline_Type
<5 lakhs,Regular
<5 lakhs,Regular
<5 lakhs,Regular
<5 lakhs,Regular
<5 lakhs,Regular
<5 lakhs,Regular
<5 lakhs,Regular
<5 lakhs,Regular
<5 lakhs,Regular
<5 lakhs,Regular
<5 lakhs,Regular
<5 lakhs,Regular
<5 lakhs,Regular
<5 lakhs,Regular
<5 lakhs,Regular
<5 lakhs,Regular
<5 lakhs,Regular
<5 lakhs,Regular
<5 lakhs,Regular
<5 lakhs,Regular
<5 lakhs,Regular
<5 lakhs,Regular
<5 lakhs,Regular
<5 lakhs,Regular
<5 lakhs,Regular
<5 lakhs,Regular
<5 lakhs,Regular
<5 lakhs,Regular
<5 lakhs,Regular
<5 lakhs,Regular
<5 lakhs,Regular
<5 lakhs,Regular
<5 lakhs,Regular
<5 lakhs,Regular
<5 lakhs,Regular
<5 lakhs,Regular
<5 lakhs,Regular
<5 lakhs,Regular
<5 lakhs,Regular
<5 lakhs,Regular
<5 lakhs,Regular
<5 lakhs,Regular
<5 lakhs,Regular
<5 lakhs,Regular
<5 lakhs,Regular
<5 lakhs,Regular
<5 lakhs,Regular
<5 lakhs,Regular
<5 lakhs,Regular
<5 lakhs,Regular
<5 lakhs,Regular
<5 lakhs,Regular
<5 lakhs,Regular
<5 lakhs,Regular
<5 lakhs,Regular
<5 lakhs,Regular
<5 lakhs,Regular
<5 lakhs,Regular
<5 lakhs,Regular
<5 lakhs,Regular
<5 lakhs,Regular
<5 lakhs,Regular
<5 lakhs,Regular
<5 lakhs,Regular
<5 lakhs,Regular
<5 lakhs,Regular
<5 lakhs,Regular
<5 lakhs,Regular
<5 lakhs,Regular
<5 lakhs,Regular
<5 lakhs,Regular
<5 lakhs,Regular
<5 lakhs,Regular
<5 lakhs,Regular
<5 lakhs,Regular
<5 lakhs,Regular
<5 lakhs,Regular
<5 lakhs,Regular
<5 lakhs,Regular
<5 lakhs,Regular
<5 lakhs,Regular
<5 lakhs,Regular
<5 lakhs,Regular
<5 lakhs,Regular
<5 lakhs,Regular
<5 lakhs,Premium
<5 lakhs,Premium
<5 lakhs,Premium
<5 lakhs,Premium
<5 lakhs,Premium
<5 lakhs,Premium
<5 lakhs,Premium
<5 lakhs,Premium
<5 lakhs,Premium
<5 lakhs,Premium
<5 lakhs,Premium
<5 lakhs,Premium
<5 lakhs,Premium
<5 lakhs,Premium
<5 lakhs,Premium
<5 lakhs,Premium
<5 lakhs,Extra Premium
<5 lakhs,Extra Premium
<5 lakhs,Extra Premium
<5 lakhs,Extra Premium
<5 lakhs,Extra Premium
<5 lakhs,Extra Premium
5-10 lakhs,Regular
5-10 lakhs,Regular
5-10 lakhs,Regular
5-10 lakhs,Regular
5-10 lakhs,Regular
5-10 lakhs,Regular
5-10 lakhs,Regular
5-10 lakhs,Regular
5-10 lakhs,Regular
5-10 lakhs,Regular
5-10 lakhs,Regular
5-10 lakhs,Regular
5-10 lakhs,Regular
5-10 lakhs,Regular
5-10 lakhs,Regular
5-10 lakhs,Regular
5-10 lakhs,Regular
5-10 lakhs,Regular
5-10 lakhs,Regular
5-10 lakhs,Regular
5-10 lakhs,Regular
5-10 lakhs,Regular
5-10 lakhs,Regular
5-10 lakhs,Regular
5-10 lakhs,Regular
5-10 lakhs,Regular
5-10 lakhs,Regular
5-10 lakhs,Regular
5-10 lakhs,Regular
5-10 lakhs,Regular
5-10 lakhs,Regular
5-10 lakhs,Regular
5-10 lakhs,Regular
5-10 lakhs,Regular
5-10 lakhs,Regular
5-10 lakhs,Regular
5-10 lakhs,Regular
5-10 lakhs,Regular
5-10 lakhs,Regular
5-10 lakhs,Regular
5-10 lakhs,Regular
5-10 lakhs,Regular
5-10 lakhs,Regular
5-10 lakhs,Regular
5-10 lakhs,Regular
5-10 lakhs,Regular
5-10 lakhs,Regular
5-10 lakhs,Regular
5-10 lakhs,Regular
5-10 lakhs,Regular
5-10 lakhs,Regular
5-10 lakhs,Regular
5-10 lakhs,Regular
5-10 lakhs,Regular
5-10 lakhs,Regular
5-10 lakhs,Regular
5-10 lakhs,Regular
5-10 lakhs,Regular
5-10 lakhs,Regular
5-10 lakhs,Regular
5-10 lakhs,Regular
5-10 lakhs,Regular
5-10 lakhs,Regular
5-10 lakhs,Regular
5-10 lakhs,Regular
5-10 lakhs,Regular
5-10 lakhs,Regular
5-10 lakhs,Regular
5-10 lakhs,Regular
5-10 lakhs,Regular
5-10 lakhs,Regular
5-10 lakhs,Regular
5-10 lakhs,Regular
5-10 lakhs,Regular
5-10 lakhs,Regular
5-10 lakhs,Regular
5-10 lakhs,Regular
5-10 lakhs,Regular
5-10 lakhs,Regular
5-10 lakhs,Regular
5-10 lakhs,Regular
5-10 lakhs,Regular
5-10 lakhs,Regular
5-10 lakhs,Regular
5-10 lakhs,Regular
5-10 lakhs,Regular
5-10 lakhs,Regular
5-10 lakhs,Regular
5-10 lakhs,Regular
5-10 lakhs,Regular
5-10 lakhs,Regular
5-10 lakhs,Regular
5-10 lakhs,Regular
5-10 lakhs,Regular
5-10 lakhs,Regular
5-10 lakhs,Regular
5-10 lakhs,Regular
5-10 lakhs,Regular
5-10 lakhs,Regular
5-10 lakhs,Regular
5-10 lakhs,Regular
5-10 lakhs,Regular
5-10 lakhs,Premium
5-10 lakhs,Premium
5-10 lakhs,Premium
5-10 lakhs,Premium
5-10 lakhs,Premium
5-10 lakhs,Premium
5-10 lakhs,Premium
5-10 lakhs,Premium
5-10 lakhs,Premium
5-10 lakhs,Premium
5-10 lakhs,Premium
5-10 lakhs,Premium
5-10 lakhs,Premium
5-10 lakhs,Premium
5-10 lakhs,Premium
5-10 lakhs,Premium
5-10 lakhs,Premium
5-10 lakhs,Premium
5-10 lakhs,Premium
5-10 lakhs,Premium
5-10 lakhs,Premium
5-10 lakhs,Premium
5-10 lakhs,Premium
5-10 lakhs,Premium
5-10 lakhs,Premium
5-10 lakhs,Premium
5-10 lakhs,Premium
5-10 lakhs,Extra Premium
5-10 lakhs,Extra Premium
5-10 lakhs,Extra Premium
5-10 lakhs,Extra Premium
5-10 lakhs,Extra Premium
5-10 lakhs,Extra Premium
5-10 lakhs,Extra Premium
5-10 lakhs,Extra Premium
5-10 lakhs,Extra Premium
5-10 lakhs,Extra Premium
5-10 lakhs,Extra Premium
5-10 lakhs,Extra Premium
5-10 lakhs,Extra Premium
10-15 lakhs,Regular
10-15 lakhs,Regular
10-15 lakhs,Regular
10-15 lakhs,Regular
10-15 lakhs,Regular
10-15 lakhs,Regular
10-15 lakhs,Regular
10-15 lakhs,Regular
10-15 lakhs,Regular
10-15 lakhs,Regular
10-15 lakhs,Regular
10-15 lakhs,Regular
10-15 lakhs,Regular
10-15 lakhs,Regular
10-15 lakhs,Regular
10-15 lakhs,Regular
10-15 lakhs,Regular
10-15 lakhs,Regular
10-15 lakhs,Regular
10-15 lakhs,Regular
10-15 lakhs,Regular
10-15 lakhs,Regular
10-15 lakhs,Regular
10-15 lakhs,Regular
10-15 lakhs,Regular
10-15 lakhs,Regular
10-15 lakhs,Regular
10-15 lakhs,Regular
10-15 lakhs,Regular
10-15 lakhs,Regular
10-15 lakhs,Regular
10-15 lakhs,Regular
10-15 lakhs,Regular
10-15 lakhs,Regular
10-15 lakhs,Regular
10-15 lakhs,Regular
10-15 lakhs,Premium
10-15 lakhs,Premium
10-15 lakhs,Premium
10-15 lakhs,Premium
10-15 lakhs,Premium
10-15 lakhs,Premium
10-15 lakhs,Premium
10-15 lakhs,Premium
10-15 lakhs,Premium
10-15 lakhs,Premium
10-15 lakhs,Premium
10-15 lakhs,Premium
10-15 lakhs,Premium
10-15 lakhs,Premium
10-15 lakhs,Premium
10-15 lakhs,Premium
10-15 lakhs,Premium
10-15 lakhs,Premium
10-15 lakhs,Premium
10-15 lakhs,Premium
10-15 lakhs,Premium
10-15 lakhs,Premium
10-15 lakhs,Extra Premium
10-15 lakhs,Extra Premium
10-15 lakhs,Extra Premium
10-15 lakhs,Extra Premium
10-15 lakhs,Extra Premium
10-15 lakhs,Extra Premium
10-15 lakhs,Extra Premium
10-15 lakhs,Extra Premium
10-15 lakhs,Extra Premium
10-15 lakhs,Extra Premium
10-15 lakhs,Extra Premium
10-15 lakhs,Extra Premium
10-15 lakhs,Extra Premium
10-15 lakhs,Extra Premium
10-15 lakhs,Extra Premium
>15 lakhs,Regular
>15 lakhs,Regular
>15 lakhs,Regular
>15 lakhs,Regular
>15 lakhs,Regular
>15 lakhs,Regular
>15 lakhs,Regular
>15 lakhs,Regular
>15 lakhs,Regular
>15 lakhs,Regular
>15 lakhs,Regular
>15 lakhs,Regular
>15 lakhs,Regular
>15 lakhs,Regular
>15 lakhs,Regular
>15 lakhs,Premium
>15 lakhs,Premium
>15 lakhs,Premium
>15 lakhs,Premium
>15 lakhs,Premium
>15 lakhs,Premium
>15 lakhs,Premium
>15 lakhs,Premium
>15 lakhs,Premium
>15 lakhs,Premium
>15 lakhs,Premium
>15 lakhs,Premium
>15 lakhs,Premium
>15 lakhs,Premium
>15 lakhs,Premium
>15 lakhs,Premium
>15 lakhs,Premium
>15 lakhs,Premium
>15 lakhs,Premium
>15 lakhs,Premium
>15 lakhs,Premium
>15 lakhs,Premium
>15 lakhs,Premium
>15 lakhs,Extra Premium
>15 lakhs,Extra Premium
>15 lakhs,Extra Premium
>15 lakhs,Extra Premium
>15 lakhs,Extra Premium
>15 lakhs,Extra Premium
>15 lakhs,Extra Premium
>15 lakhs,Extra Premium
>15 lakhs,Extra Premium
>15 lakhs,Extra Premium
>15 lakhs,Extra Premium
>15 lakhs,Extra Premium
>15 lakhs,Extra Premium
>15 lakhs,Extra Premium
>15 lakhs,Extra Premium
>15 lakhs,Extra Premium
>15 lakhs,Extra Premium
>15 lakhs,Extra Premium
>15 lakhs,Extra Premium
>15 lakhs,Extra Premium
>15 lakhs,Extra Premium
>15 lakhs,Extra Premium
>15 lakhs,Extra Premium
>15 lakhs,Extra Premium
>15 lakhs,Extra Premium
